MariaDB [dbmss_2420506040]> SELECT m.kd_mk, m.nama_mk
    -> FROM matakuliah m
    -> JOIN dosen d ON m.kode_dos = d.kode_dos
    -> JOIN jurusan j ON d.kode_dos = j.kode_dos
    -> WHERE j.nama_jur = 'Teknik Elektro';
+--------+--------------------------+
| kd_mk  | nama_mk                  |
+--------+--------------------------+
| PTI333 | Basis Data Terdistribusi |
| TIK333 | Sistem Informasi         |
+--------+--------------------------+
2 rows in set (0.156 sec)

MariaDB [dbmss_2420506040]> SELECT mhs.*
    -> FROM mahasiswa mhs
    -> LEFT JOIN ambil_mk am ON mhs.nim = am.nim
    -> WHERE am.nim IS NULL;
+-----+------+----+-------------+
| nim | nama | jk | alamat      |
+-----+------+----+-------------+
| 102 | Budi | L  | Jl. Jombang |
| 106 | Iwan | L  | Jl. Bandung |
+-----+------+----+-------------+
2 rows in set (0.046 sec)

MariaDB [dbmss_2420506040]> SELECT d.*
    -> FROM dosen d
    -> JOIN matakuliah mk ON d.kode_dos = mk.kode_dos
    -> WHERE mk.semester > 3;
+----------+-----------+-------------+
| kode_dos | nama_dos  | alamat_dos  |
+----------+-----------+-------------+
| 12       | Rahmawati | Jl. Jakarta |
| 10       | Suharto   | Jl. Jombang |
| 10       | Suharto   | Jl. Jombang |
+----------+-----------+-------------+
3 rows in set (0.010 sec)

MariaDB [dbmss_2420506040]> SELECT mk.*
    -> FROM matakuliah mk
    -> JOIN dosen d ON mk.kode_dos = d.kode_dos
    -> WHERE d.kode_dos NOT IN (SELECT kode_dos FROM jurusan WHERE nama_jur = 'Teknik Elektro');
+--------+---------------------+-----+----------+----------+
| kd_mk  | nama_mk             | sks | semester | kode_dos |
+--------+---------------------+-----+----------+----------+
| PTI123 | Grafik Multimedia   | 3   | 5        | 12       |
| PTI447 | Pratikum Basis Data | 1   | 3        | 11       |
| TIK342 | Pratikum Basis Data | 1   | 3        | 11       |
+--------+---------------------+-----+----------+----------+
3 rows in set (0.044 sec)

MariaDB [dbmss_2420506040]> SELECT d.*
    -> FROM dosen d
    -> JOIN matakuliah mk ON d.kode_dos = mk.kode_dos
    -> WHERE mk.kd_mk NOT IN (SELECT kd_mk FROM ambil_mk);
+----------+----------+---------------+
| kode_dos | nama_dos | alamat_dos    |
+----------+----------+---------------+
| 11       | Martono  | Jl. Kalpataru |
+----------+----------+---------------+
1 row in set (0.004 sec)

MariaDB [dbmss_2420506040]> SELECT d.*
    -> FROM dosen d
    -> JOIN matakuliah mk ON d.kode_dos = mk.kode_dos
    -> WHERE mk.sks > (SELECT MIN(sks) FROM matakuliah);
+----------+-----------+-------------+
| kode_dos | nama_dos  | alamat_dos  |
+----------+-----------+-------------+
| 12       | Rahmawati | Jl. Jakarta |
| 10       | Suharto   | Jl. Jombang |
| 10       | Suharto   | Jl. Jombang |
+----------+-----------+-------------+
3 rows in set (0.035 sec)

MariaDB [dbmss_2420506040]> SELECT mhs.*
    -> FROM mahasiswa mhs
    -> JOIN dosen d ON mhs.alamat = d.alamat_dos
    -> WHERE d.kode_dos NOT IN (SELECT kode_dos FROM jurusan WHERE nama_jur = 'Teknik Elektro');
+-----+------+----+-------------+
| nim | nama | jk | alamat      |
+-----+------+----+-------------+
| 105 | Tono | L  | Jl. Jakarta |
| 106 | Iwan | L  | Jl. Bandung |
+-----+------+----+-------------+
2 rows in set (0.002 sec)

MariaDB [dbmss_2420506040]> SELECT mhs.*
    -> FROM mahasiswa mhs
    -> JOIN ambil_mk am ON mhs.nim = am.nim
    -> JOIN matakuliah mk ON am.kd_mk = mk.kd_mk
    -> JOIN dosen d ON mk.kode_dos = d.kode_dos
    -> JOIN jurusan j ON d.kode_dos = j.kode_dos
    -> WHERE j.nama_jur = 'Teknik Elektro';
+-----+------+----+--------------+
| nim | nama | jk | alamat       |
+-----+------+----+--------------+
| 103 | Wati | P  | Jl. Surabaya |
| 104 | Ika  | P  | Jl. Jombang  |
+-----+------+----+--------------+
2 rows in set (0.005 sec)

MariaDB [dbmss_2420506040]>
